year,country,total,solid_fuel,liquid_fuel,gas_fuel,cement,gas_flaring,per_capita,bunker_fuels
2010,AFGHANISTAN,2308,627,1601,74,5,0,0.08,9
2010,ALBANIA,1254,117,953,7,177,0,0.43,7
2010,ALGERIA,32500,332,12381,14565,2598,2623,0.9,663
2010,ANDORRA,141,0,141,0,0,0,1.68,0
2010,ANGOLA,7924,0,3649,374,204,3697,0.37,321
2010,ANGUILLA,41,0,41,0,0,0,2.98,0
2010,ANTIGUA & BARBUDA,143,0,143,0,0,0,1.64,39
2010,ARGENTINA,51246,1089,24606,23725,1418,407,1.24,1542
2010,ARMENIA,1150,3,275,806,66,0,0.39,37
2010,ARUBA,684,0,684,0,0,0,6.73,74
2010,AUSTRALIA,106589,56257,31308,17763,1129,132,4.81,3307
2010,AUSTRIA,18408,3537,9218,5073,579,0,2.19,575
2010,AZERBAIJAN,8366,6,2373,4904,174,909,0.92,398
2010,BAHAMAS,451,1,450,0,0,0,1.25,179
2010,BAHRAIN,7981,0,1123,6696,163,0,6.33,545
2010,BANGLADESH,16345,839,2881,10753,1873,0,0.11,313
2010,BARBADOS,403,0,363,8,31,1,1.44,108
2010,BELARUS,17192,620,4620,11336,616,0,1.81,0
2010,BELGIUM,30222,3787,14993,10613,829,0,2.77,7916
2010,BELIZE,147,0,143,3,0,0,0.46,11
2010,BENIN,1388,0,1211,0,177,0,0.15,127
2010,BERMUDA,166,0,166,0,0,0,2.59,50
2010,BHUTAN,133,21,85,0,27,0,0.19,1
2010,BOSNIA & HERZEGOVINA,5802,4332,1217,125,129,0,1.51,4
2010,BOTSWANA,1278,576,667,0,35,0,0.62,14
2010,BRAZIL,114468,15965,74689,14372,8040,1402,0.58,5101
2010,BRITISH VIRGIN ISLANDS,47,0,47,0,0,0,1.72,0
2010,BRUNEI (DARUSSALAM),2237,0,434,1672,37,94,5.69,167
2010,BULGARIA,12030,7284,3042,1437,267,0,1.62,223
2010,BURKINA FASO,535,0,455,0,80,0,0.03,30
2010,BURUNDI,58,5,53,0,0,0,0.01,4
2010,CAMBODIA,1367,9,1252,0,107,0,0.1,32
2010,CANADA,145806,24504,69694,49114,1691,804,4.27,1518
2010,CAPE VERDE,152,0,152,0,0,0,0.31,71
2010,CAYMAN ISLANDS,152,0,152,0,0,0,2.75,9
2010,CENTRAL AFRICAN REPUBLIC,72,0,72,0,0,0,0.02,27
2010,CHAD,141,0,141,0,0,0,0.01,15
2010,CHILE,19703,4510,11861,2791,526,14,1.16,768
2010,CHINA (MAINLAND),2393248,1792793,298191,54472,247792,0,1.78,11687
2010,COLOMBIA,20773,3677,9507,6001,1293,295,0.45,1122
2010,COMOROS,44,0,44,0,0,0,0.06,2
2010,CONGO,540,0,476,53,11,0,0.13,38
2010,COOK ISLANDS,19,0,19,0,0,0,0.95,2
2010,COSTA RICA,2064,63,1828,0,174,0,0.45,0
2010,COTE D IVOIRE,1900,0,826,829,245,0,0.09,64
2010,CROATIA,5501,704,2815,1644,338,0,1.27,86
2010,CUBA,10465,21,9659,562,222,0,0.93,140
2010,CYPRUS,2102,19,1901,0,181,0,1.9,391
2010,CZECH REPUBLIC,30428,19505,5423,5040,460,0,2.9,259
2010,DEMOCRATIC PEOPLE S REPUBLIC OF KOREA,18122,16591,701,0,830,0,0.74,0
2010,DEMOCRATIC REPUBLIC OF THE CONGO (FORMERLY ZAIRE),551,0,471,12,67,0,0.01,126
2010,DENMARK,12719,4172,5504,2762,211,70,2.29,1272
2010,DJIBOUTI,141,0,141,0,0,0,0.17,88
2010,DOMINICA,38,0,38,0,0,0,0.53,2
2010,DOMINICAN REPUBLIC,5733,505,4262,408,558,0,0.58,357
2010,ECUADOR,9943,0,8517,397,719,310,0.67,708
2010,EGYPT,55281,1126,25725,22366,6065,0,0.67,2602
2010,EL SALVADOR,1761,0,1586,0,175,0,0.29,92
2010,EQUATORIAL GUINEA,1276,0,166,827,0,283,1.75,30
2010,ERITREA,140,0,134,0,6,0,0.03,1
2010,ESTONIA,4938,4158,378,351,51,0,3.71,224
2010,ETHIOPIA,1796,36,1537,0,223,0,0.02,233
2010,FAEROE ISLANDS,172,0,172,0,0,0,3.53,26
2010,FALKLAND ISLANDS (MALVINAS),15,3,12,0,0,0,5.22,0
2010,FEDERATED STATES OF MICRONESIA,31,0,31,0,0,0,0.3,1
2010,FIJI,333,0,310,1,22,0,0.39,139
2010,FINLAND,16930,7388,6980,2397,165,0,3.15,630
2010,FRANCE (INCLUDING MONACO),96273,12332,54960,26569,2412,0,1.53,6636
2010,FRENCH GUIANA,174,0,162,0,12,0,0.75,32
2010,FRENCH POLYNESIA,234,0,234,0,0,0,0.87,50
2010,GABON,1312,0,537,168,30,577,0.85,248
2010,GAMBIA,118,0,116,1,0,0,0.07,15
2010,GEORGIA,1722,218,754,634,117,0,0.41,34
2010,GERMANY,206943,83574,71983,47408,3972,6,2.57,9078
2010,GHANA,2715,0,2208,221,286,0,0.11,169
2010,GIBRALTAR,127,0,127,0,0,0,4.14,3666
2010,GREECE,22868,8457,11130,2020,1260,0,2.05,2973
2010,GREENLAND,181,0,181,0,0,0,3.2,34
2010,GRENADA,71,0,71,0,0,0,0.68,4
2010,GUADELOUPE,627,112,474,0,41,0,1.37,91
2010,GUATEMALA,3181,356,2445,0,380,0,0.22,293
2010,GUINEA,710,0,678,0,32,0,0.06,21
2010,GUINEA BISSAU,65,0,65,0,0,0,0.04,9
2010,GUYANA,469,0,469,0,0,0,0.62,8
2010,HAITI,580,0,539,0,41,0,0.06,17
2010,HONDURAS,2175,124,1833,0,218,0,0.29,40
2010,HONG KONG SPECIAL ADMINSTRATIVE REGION OF CHINA,11093,6438,2688,1768,199,0,1.59,13595
2010,HUNGARY,13696,2958,4318,6131,290,0,1.37,196
2010,ICELAND,535,93,423,0,19,0,1.68,152
2010,INDIA,468964,298209,112969,27357,29920,509,0.38,4035
2010,INDONESIA,116924,35295,53405,20123,5369,2733,0.48,248
2010,IRAQ,30596,0,21668,4044,1088,3796,0.99,0
2010,IRELAND,10923,2201,5469,2930,324,0,2.37,671
2010,ISLAMIC REPUBLIC OF IRAN,156267,1487,62100,75661,8296,8723,2.1,3088
2010,ISRAEL,18784,7661,7673,2751,699,0,2.53,944
2010,ITALY (INCLUDING SAN MARINO),110543,14655,48702,42507,4679,0,1.85,5284
2010,JAMAICA,1990,31,1861,0,98,0,0.73,224
2010,JAPAN,319505,119676,139083,53738,7008,0,2.51,8339
2010,JORDAN,5776,0,3813,1429,534,0,0.89,119
2010,KAZAKHSTAN,67780,35784,12921,18166,909,0,4.16,174
2010,KENYA,3320,171,2644,0,505,0,0.08,576
2010,KIRIBATI,17,0,17,0,0,0,0.16,3
2010,KUWAIT,24441,0,16377,7678,272,114,7.99,1072
2010,KYRGYZSTAN,1741,732,752,154,103,0,0.32,230
2010,LAO PEOPLE S DEMOCRATIC REPUBLIC,447,181,104,0,163,0,0.07,9
2010,LATVIA,2202,112,1091,913,86,0,1.05,316
2010,LEBANON,5467,154,4470,132,711,0,1.26,213
2010,LESOTHO,621,478,143,0,0,0,0.31,0
2010,LIBERIA,216,0,206,0,10,0,0.05,15
2010,LIBYAN ARAB JAMAHIRIYAH,16897,0,10515,3602,952,1829,2.7,486
2010,LIECHTENSTEIN,15,0,0,15,0,0,0.4,0
2010,LITHUANIA,3673,219,1785,1556,113,0,1.18,164
2010,LUXEMBOURG,2991,78,2019,747,147,0,5.89,358
2010,MACAU SPECIAL ADMINSTRATIVE REGION OF CHINA,384,0,303,81,0,0,0.72,0
2010,MACEDONIA,2346,1426,749,60,112,0,1.14,6
2010,MADAGASCAR,534,29,483,0,22,0,0.03,54
2010,MALAWI,312,46,240,0,26,0,0.02,6
2010,MALAYSIA,59579,15103,20006,16596,2688,5186,2.12,1432
2010,MALDIVES,255,0,255,0,0,0,0.77,39
2010,MALI,263,0,263,0,0,0,0.02,18
2010,MALTA,698,0,698,0,0,0,1.69,1365
2010,MARSHALL ISLANDS,28,0,28,0,0,0,0.54,0
2010,MARTINIQUE,548,0,528,0,20,0,1.39,117
2010,MAURITANIA,610,0,535,0,75,0,0.17,15
2010,MAURITIUS,1068,429,639,0,0,0,0.86,300
2010,MEXICO,126618,13934,70873,33876,4692,3243,1.07,2875
2010,MONGOLIA,3769,3051,674,0,44,0,1.39,0
2010,MONTENEGRO,704,443,261,0,0,0,1.13,2
2010,MONTSERRAT,18,0,18,0,0,0,3.55,1
2010,MOROCCO,15260,3609,9391,356,1904,0,0.47,490
2010,MOZAMBIQUE,746,7,577,42,120,0,0.03,55
2010,MYANMAR (FORMERLY BURMA),3413,160,2046,1130,73,3,0.07,17
2010,NAMIBIA,846,76,769,0,1,0,0.39,32
2010,NAURU,12,0,12,0,0,0,1.17,4
2010,NEPAL,1379,301,893,0,185,0,0.05,68
2010,NETHERLAND ANTILLES,1244,0,1244,0,0,0,5.99,2061
2010,NETHERLANDS,49919,6902,18219,24487,291,20,3.0,14837
2010,NEW CALEDONIA,966,332,612,0,22,0,3.92,28
2010,NEW ZEALAND,8667,1416,4672,2329,150,101,1.98,907
2010,NICARAGUA,1237,0,1155,0,82,0,0.22,15
2010,NIGER,320,90,226,0,4,0,0.02,11
2010,NIGERIA,24957,28,10028,5512,1360,8029,0.16,498
2010,NIUE,1,0,1,0,0,0,0.52,0
2010,NORWAY,16391,790,10300,4843,177,282,3.35,693
2010,OCCUPIED PALESTINIAN TERRITORY,555,0,555,0,0,0,0.14,0
2010,OMAN,12931,0,2331,9309,612,679,4.39,1342
2010,PAKISTAN,44013,4756,16989,18188,4080,0,0.26,286
2010,PALAU,69,0,69,0,0,0,3.35,14
2010,PANAMA,2499,70,2225,0,203,0,0.69,2916
2010,PAPUA NEW GUINEA,1299,0,1193,79,27,0,0.19,64
2010,PARAGUAY,1390,0,1302,0,88,0,0.22,22
2010,PERU,15706,772,6330,3433,1142,4029,0.53,732
2010,PHILIPPINES,23144,7697,11356,1929,2162,0,0.25,1020
2010,PLURINATIONAL STATE OF BOLIVIA,4146,0,2178,1595,328,45,0.42,38
2010,POLAND,86246,58230,17902,7998,2111,5,2.24,612
2010,PORTUGAL,13127,1719,7981,2803,624,0,1.24,1138
2010,QATAR,19773,0,4149,14573,514,537,11.2,942
2010,REPUBLIC OF CAMEROON,1849,0,1551,162,136,0,0.09,92
2010,REPUBLIC OF KOREA,154545,76263,47701,24131,6449,0,3.15,10794
2010,REPUBLIC OF MOLDOVA,1345,89,593,541,122,0,0.33,11
2010,REUNION,1137,503,593,0,41,0,1.37,56
2010,ROMANIA,21656,7489,6489,6738,940,0,1.07,134
2010,RUSSIAN FEDERATION,455558,107603,93687,239553,6854,7861,3.18,6514
2010,RWANDA,161,0,147,0,13,0,0.02,13
2010,SAINT HELENA,3,0,3,0,0,0,0.8,0
2010,SAINT LUCIA,110,0,110,0,0,0,0.62,5
2010,SAMOA,51,0,51,0,0,0,0.27,9
2010,SAO TOME & PRINCIPE,27,0,27,0,0,0,0.16,9
2010,SAUDI ARABIA,141394,0,98157,37412,5825,0,5.03,3920
2010,SENEGAL,2112,184,1362,13,553,0,0.16,244
2010,SERBIA,12532,8412,2616,1158,347,0,1.38,35
2010,SEYCHELLES,121,0,121,0,0,0,1.3,158
2010,SIERRA LEONE,198,0,157,0,41,0,0.03,7
2010,SINGAPORE,15174,7,10661,4506,0,0,2.99,39109
2010,SLOVAKIA,9883,4144,2214,3127,393,5,1.83,34
2010,SLOVENIA,4182,1529,2005,539,109,0,2.04,39
2010,SOLOMON ISLANDS,54,0,54,0,0,0,0.1,4
2010,SOMALIA,167,0,167,0,0,0,0.02,56
2010,SOUTH AFRICA,129288,111034,14356,2420,1478,0,2.5,3323
2010,SPAIN,73878,8463,42407,19443,3566,0,1.59,9913
2010,SRI LANKA,3617,62,3319,0,236,0,0.18,337
2010,ST. KITTS-NEVIS,60,0,60,0,0,0,1.15,4
2010,ST. PIERRE & MIQUELON,19,0,19,0,0,0,3.07,5
2010,ST. VINCENT & THE GRENADINES,60,0,60,0,0,0,0.55,0
2010,SUDAN,4347,0,4085,0,262,0,0.1,244
2010,SURINAME,655,0,646,2,6,1,1.26,62
2010,SWAZILAND,283,101,183,0,0,0,0.24,1
2010,SWEDEN,14187,2596,10431,916,244,0,1.51,2298
2010,SWITZERLAND,10634,149,7989,1880,616,0,1.35,1177
2010,SYRIAN ARAB REPUBLIC,16800,3,10874,4874,816,233,0.81,952
2010,TAIWAN,73629,42913,20199,8299,2217,0,3.17,3198
2010,TAJIKISTAN,694,92,462,100,39,0,0.09,25
2010,THAILAND,76882,15323,35535,22102,3922,0,1.15,2660
2010,TIMOR-LESTE (FORMERLY EAST TIMOR),64,0,64,0,0,0,0.06,3
2010,TOGO,720,0,559,0,161,0,0.11,72
2010,TONGA,32,0,32,0,0,0,0.31,3
2010,TRINIDAD AND TOBAGO,13072,0,1500,11465,108,0,9.84,519
2010,TUNISIA,7543,15,3138,3176,1098,116,0.71,219
2010,TURKEY,81266,33918,19206,19609,8532,1,1.12,1330
2010,TURKMENISTAN,15623,0,4636,10831,156,0,3.1,453
2010,TURKS AND CAICOS ISLANDS,52,0,52,0,0,0,1.67,0
2010,TUVALU,2,0,2,0,0,0,0.0,0
2010,UGANDA,1069,0,886,0,183,0,0.03,74
2010,UKRAINE,83077,36870,10413,34508,1286,0,1.82,228
2010,UNITED ARAB EMIRATES,43854,703,8297,31896,2448,510,5.26,18488
2010,UNITED KINGDOM,134499,31709,47810,53120,1072,787,2.14,11334
2010,UNITED REPUBLIC OF TANZANIA,1938,0,1222,402,314,1,0.04,131
2010,UNITED STATES OF AMERICA,1471375,521330,590751,347716,9139,2439,4.69,40388
2010,URUGUAY,1742,1,1587,41,113,0,0.52,451
2010,UZBEKISTAN,28407,1406,2813,23253,935,0,1.02,0
2010,VANUATU,33,0,33,0,0,0,0.14,9
2010,VENEZUELA,51560,206,30725,16153,968,3507,1.78,1200
2010,VIET NAM,38925,12954,13456,4926,7589,0,0.44,835
2010,WALLIS AND FUTUNA ISLANDS,8,0,8,0,0,0,0.56,1
2010,YEMEN,6390,123,5482,531,254,0,0.27,190
2010,ZAMBIA,734,104,477,0,153,0,0.05,25
2010,ZIMBABWE,2121,1531,481,0,109,0,0.15,7
2011,AFGHANISTAN,3338,1174,2075,84,5,0,0.12,9
2011,ALBANIA,1429,146,1030,8,245,0,0.5,7
2011,ALGERIA,33048,286,12806,15481,2584,1892,0.9,609
2011,ANDORRA,134,0,134,0,0,0,1.63,0
2011,ANGOLA,8274,0,3915,384,204,3771,0.38,314
2011,ANGUILLA,39,0,39,0,0,0,2.76,0
2011,ANTIGUA & BARBUDA,140,0,140,0,0,0,1.59,41
2011,ARGENTINA,52259,1289,23723,25269,1577,401,1.25,1772
2011,ARMENIA,1341,2,257,1025,57,0,0.45,38
2011,ARUBA,682,0,682,0,0,0,6.69,75
2011,AUSTRALIA,106850,54287,32565,18687,1170,142,4.74,3177
2011,AUSTRIA,17731,3599,8742,4788,602,0,2.1,605
2011,AZERBAIJAN,9121,5,2855,5192,194,874,0.99,430
2011,BAHAMAS,509,1,507,0,0,0,1.39,161
2011,BAHRAIN,7813,0,1008,6628,177,0,5.98,507
2011,BANGLADESH,17293,774,3706,10815,1998,0,0.11,359
2011,BARBADOS,417,0,378,9,30,1,1.49,121
2011,BELARUS,17470,632,5479,10733,626,0,1.84,0
2011,BELGIUM,27255,3522,13799,8988,946,0,2.48,7243
2011,BELIZE,164,0,161,3,0,0,0.5,9
2011,BENIN,1444,0,1245,0,199,0,0.15,131
2011,BERMUDA,121,0,121,0,0,0,1.9,18
2011,BHUTAN,200,26,100,0,74,0,0.27,1
2011,BOSNIA & HERZEGOVINA,6514,5045,1206,142,121,0,1.7,4
2011,BOTSWANA,1139,390,707,0,41,0,0.54,15
2011,BRAZIL,119829,17498,78849,13778,8717,987,0.6,5516
2011,BRITISH VIRGIN ISLANDS,48,0,48,0,0,0,1.71,0
2011,BRUNEI (DARUSSALAM),2644,0,534,1989,39,82,6.62,175
2011,BULGARIA,13457,8738,2822,1643,254,0,1.83,206
2011,BURKINA FASO,603,0,523,0,80,0,0.04,35
2011,BURUNDI,66,3,58,0,5,0,0.01,3
2011,CAMBODIA,1420,10,1288,0,123,0,0.1,38
2011,CANADA,146472,21966,69866,52135,1632,873,4.25,1223
2011,CAPE VERDE,168,0,168,0,0,0,0.34,94
2011,CAYMAN ISLANDS,160,0,160,0,0,0,2.83,9
2011,CENTRAL AFRICAN REPUBLIC,76,0,76,0,0,0,0.02,27
2011,CHAD,147,0,147,0,0,0,0.01,15
2011,CHILE,21610,5690,12453,2852,599,16,1.26,790
2011,CHINA (MAINLAND),2654360,1995029,306730,67137,285464,0,1.97,12636
2011,COLOMBIA,20870,3762,9537,5745,1466,359,0.45,1241
2011,COMOROS,37,0,37,0,0,0,0.05,3
2011,CONGO,616,0,529,77,10,0,0.15,42
2011,COOK ISLANDS,19,0,19,0,0,0,0.94,2
2011,COSTA RICA,2111,62,1859,0,190,0,0.46,0
2011,COTE D IVOIRE,1977,0,915,817,245,0,0.1,56
2011,CROATIA,5402,730,2730,1605,336,0,1.26,105
2011,CUBA,9814,3,9040,534,236,0,0.87,140
2011,CYPRUS,2025,9,1852,0,164,0,1.81,422
2011,CZECH REPUBLIC,29154,19062,5304,4253,535,0,2.77,257
2011,DEMOCRATIC PEOPLE S REPUBLIC OF KOREA,13099,11521,721,0,857,0,0.53,0
2011,DEMOCRATIC REPUBLIC OF THE CONGO (FORMERLY ZAIRE),680,0,606,12,62,0,0.01,124
2011,DENMARK,11084,3348,5121,2322,246,48,1.99,1299
2011,DJIBOUTI,129,0,129,0,0,0,0.15,85
2011,DOMINICA,35,0,35,0,0,0,0.49,2
2011,DOMINICAN REPUBLIC,5789,573,4232,440,544,0,0.58,364
2011,ECUADOR,10529,0,9046,365,776,343,0.69,707
2011,EGYPT,59221,464,27562,25295,5900,0,0.71,990
2011,EL SALVADOR,1813,0,1633,0,180,0,0.3,94
2011,EQUATORIAL GUINEA,1671,0,166,880,0,625,2.23,30
2011,ERITREA,162,0,136,0,26,0,0.03,1
2011,ESTONIA,5074,4349,350,314,61,0,3.82,194
2011,ETHIOPIA,2107,123,1701,0,283,0,0.02,233
2011,FAEROE ISLANDS,155,0,155,0,0,0,3.19,29
2011,FALKLAND ISLANDS (MALVINAS),15,3,12,0,0,0,5.22,0
2011,FEDERATED STATES OF MICRONESIA,33,0,33,0,0,0,0.32,1
2011,FIJI,297,0,274,0,23,0,0.34,44
2011,FINLAND,15494,6325,6881,2099,189,0,2.87,701
2011,FRANCE (INCLUDING MONACO),90484,10543,54185,23136,2621,0,1.43,7029
2011,FRENCH GUIANA,175,0,163,0,12,0,0.73,33
2011,FRENCH POLYNESIA,227,0,227,0,0,0,0.84,47
2011,GABON,1356,0,604,188,31,532,0.86,224
2011,GAMBIA,122,0,121,1,0,0,0.07,18
2011,GEORGIA,2174,289,739,942,204,0,0.52,30
2011,GERMANY,199754,82252,69465,43468,4561,8,2.48,8789
2011,GHANA,2681,0,1909,432,340,0,0.11,178
2011,GIBRALTAR,123,0,123,0,0,0,3.96,3653
2011,GREECE,21773,8491,10046,2481,755,0,1.95,3061
2011,GREENLAND,193,0,193,0,0,0,3.43,40
2011,GRENADA,69,0,69,0,0,0,0.65,3
2011,GUADELOUPE,663,145,477,0,41,0,1.45,91
2011,GUATEMALA,3228,357,2483,0,388,0,0.21,298
2011,GUINEA,758,0,708,0,50,0,0.07,21
2011,GUINEA BISSAU,67,0,67,0,0,0,0.04,9
2011,GUYANA,486,0,486,0,0,0,0.64,8
2011,HAITI,605,0,564,0,41,0,0.06,15
2011,HONDURAS,2442,181,2040,0,220,0,0.32,45
2011,HONG KONG SPECIAL ADMINSTRATIVE REGION OF CHINA,11943,7659,2637,1438,209,0,1.7,13924
2011,HUNGARY,13047,3008,3967,5842,230,0,1.31,198
2011,ICELAND,513,94,400,0,19,0,1.6,168
2011,INDIA,502257,330199,113915,24937,32640,567,0.4,4035
2011,INDONESIA,164621,75931,57677,22258,6152,2603,0.67,744
2011,IRAQ,36647,0,27114,3127,1360,5046,1.15,815
2011,IRELAND,9717,2059,4796,2576,286,0,2.09,644
2011,ISLAMIC REPUBLIC OF IRAN,160637,1450,61052,80039,8976,9119,2.14,2935
2011,ISRAEL,18852,7915,7642,2550,745,0,2.49,964
2011,ITALY (INCLUDING SAN MARINO),108534,16433,47740,39857,4504,0,1.82,4926
2011,JAMAICA,2143,58,1981,0,104,0,0.78,213
2011,JAPAN,324809,111852,143467,62514,6976,0,2.55,8406
2011,JORDAN,5909,0,4981,545,383,0,0.87,104
2011,KAZAKHSTAN,70646,39193,10260,20154,1039,0,4.27,151
2011,KENYA,3670,277,2784,0,609,0,0.09,597
2011,KIRIBATI,17,0,17,0,0,0,0.16,3
2011,KUWAIT,24824,0,15436,8968,306,114,7.66,1488
2011,KYRGYZSTAN,2088,782,993,174,139,0,0.38,44
2011,LAO PEOPLE S DEMOCRATIC REPUBLIC,443,151,115,0,177,0,0.07,9
2011,LATVIA,1989,114,968,805,102,0,0.96,284
2011,LEBANON,5575,171,4656,0,748,0,1.21,216
2011,LESOTHO,636,485,151,0,0,0,0.31,0
2011,LIBERIA,243,0,232,0,11,0,0.06,16
2011,LIBYAN ARAB JAMAHIRIYAH,10827,0,6892,2775,476,684,1.72,114
2011,LIECHTENSTEIN,13,0,0,13,0,0,0.35,0
2011,LITHUANIA,3760,250,1677,1698,135,0,1.22,171
2011,LUXEMBOURG,2983,60,2099,645,179,0,5.74,335
2011,MACAU SPECIAL ADMINSTRATIVE REGION OF CHINA,395,0,357,39,0,0,0.72,0
2011,MACEDONIA,2563,1588,774,69,133,0,1.24,3
2011,MADAGASCAR,638,111,500,0,27,0,0.03,68
2011,MALAWI,322,67,227,0,28,0,0.02,6
2011,MALAYSIA,60105,15159,19794,17681,2883,4587,2.1,1653
2011,MALDIVES,269,0,269,0,0,0,0.79,49
2011,MALI,285,0,285,0,0,0,0.02,18
2011,MALTA,693,0,693,0,0,0,1.67,1267
2011,MARSHALL ISLANDS,28,0,28,0,0,0,0.54,0
2011,MARTINIQUE,605,0,585,0,20,0,1.53,120
2011,MAURITANIA,653,0,576,0,77,0,0.18,15
2011,MAURITIUS,1069,411,658,0,0,0,0.85,345
2011,MEXICO,132105,15295,74375,35673,4814,1947,1.1,2982
2011,MONGOLIA,5863,4968,837,0,58,0,2.13,0
2011,MONTENEGRO,701,457,244,0,0,0,1.13,9
2011,MONTSERRAT,11,0,11,0,0,0,2.18,1
2011,MOROCCO,15731,3869,9508,450,1904,0,0.48,549
2011,MOZAMBIQUE,879,34,662,50,133,0,0.04,50
2011,MYANMAR (FORMERLY BURMA),3899,227,2096,1500,73,3,0.07,16
2011,NAMIBIA,772,19,700,0,53,0,0.34,11
2011,NAURU,11,0,11,0,0,0,1.08,4
2011,NEPAL,1509,304,919,0,286,0,0.06,76
2011,NETHERLAND ANTILLES,1587,0,1587,0,0,0,7.45,2086
2011,NETHERLANDS,47496,7475,18317,21364,315,25,2.85,15879
2011,NEW CALEDONIA,995,345,630,0,20,0,3.98,27
2011,NEW ZEALAND,8591,1549,4661,2130,163,87,1.95,918
2011,NICARAGUA,1331,0,1236,0,95,0,0.23,17
2011,NIGER,362,101,250,0,10,0,0.02,13
2011,NIGERIA,26096,23,9307,7643,1632,7491,0.16,498
2011,NIUE,2,0,2,0,0,0,1.04,0
2011,NORWAY,12325,874,7971,3022,189,269,2.49,679
2011,OCCUPIED PALESTINIAN TERRITORY,613,0,613,0,0,0,0.15,0
2011,OMAN,14734,0,2897,10676,680,482,4.59,817
2011,PAKISTAN,44166,4685,16528,19009,3944,0,0.25,257
2011,PALAU,69,0,69,0,0,0,3.37,15
2011,PANAMA,2754,223,2291,0,240,0,0.75,3267
2011,PAPUA NEW GUINEA,1453,0,1344,83,27,0,0.21,68
2011,PARAGUAY,1451,1,1362,0,88,0,0.23,22
2011,PERU,13535,780,6526,3184,1156,1888,0.45,791
2011,PHILIPPINES,23315,8465,10582,2082,2185,0,0.25,1117
2011,PLURINATIONAL STATE OF BOLIVIA,4403,0,2308,1685,361,49,0.44,41
2011,POLAND,86446,57784,18116,8017,2523,6,2.24,563
2011,PORTUGAL,12987,2285,7225,2788,689,0,1.23,1259
2011,QATAR,21935,0,2763,18199,680,293,11.51,1243
2011,REPUBLIC OF CAMEROON,1573,0,1301,116,156,0,0.07,97
2011,REPUBLIC OF KOREA,160731,83147,45047,25975,6562,0,3.26,10614
2011,REPUBLIC OF MOLDOVA,1374,91,624,523,136,0,0.34,11
2011,REUNION,1165,495,636,0,34,0,1.39,61
2011,ROMANIA,23147,8791,6426,6936,994,0,1.15,115
2011,RUSSIAN FEDERATION,480885,109218,108312,247327,7643,8385,3.36,7962
2011,RWANDA,181,0,167,0,13,0,0.02,15
2011,SAINT HELENA,3,0,3,0,0,0,0.81,0
2011,SAINT LUCIA,111,0,111,0,0,0,0.62,5
2011,SAMOA,55,0,55,0,0,0,0.29,9
2011,SAO TOME & PRINCIPE,28,0,28,0,0,0,0.16,9
2011,SAUDI ARABIA,136318,0,91624,38105,6589,0,4.74,4452
2011,SENEGAL,2282,257,1378,10,636,0,0.17,247
2011,SERBIA,13422,9355,2537,1188,342,0,1.49,39
2011,SEYCHELLES,93,0,93,0,0,0,0.99,151
2011,SIERRA LEONE,245,0,203,0,42,0,0.04,7
2011,SINGAPORE,12332,7,7774,4551,0,0,2.38,41786
2011,SLOVAKIA,9415,3920,2156,2896,438,5,1.74,36
2011,SLOVENIA,4115,1571,1999,461,84,0,2.0,48
2011,SOLOMON ISLANDS,54,0,54,0,0,0,0.1,4
2011,SOMALIA,165,0,165,0,0,0,0.02,56
2011,SOUTH AFRICA,128329,109120,15279,2402,1528,0,2.46,3458
2011,SPAIN,73779,12922,39769,18073,3016,0,1.58,10585
2011,SRI LANKA,4128,309,3549,0,270,0,0.2,511
2011,ST. KITTS-NEVIS,63,0,63,0,0,0,1.18,4
2011,ST. PIERRE & MIQUELON,19,0,19,0,0,0,3.07,5
2011,ST. VINCENT & THE GRENADINES,54,0,54,0,0,0,0.49,0
2011,SUDAN,4270,0,3862,0,408,0,0.09,280
2011,SURINAME,537,0,524,2,10,1,1.03,56
2011,SWAZILAND,286,102,184,0,0,0,0.24,1
2011,SWEDEN,14108,2589,10514,724,281,0,1.49,2129
2011,SWITZERLAND,10081,139,7652,1667,622,0,1.27,1263
2011,SYRIAN ARAB REPUBLIC,15519,3,10376,4110,680,350,0.76,827
2011,TAIWAN,73406,42590,19763,8760,2292,0,3.16,3067
2011,TAJIKISTAN,641,101,399,101,41,0,0.08,27
2011,THAILAND,75898,17009,33725,21045,4119,0,1.13,2857
2011,TIMOR-LESTE (FORMERLY EAST TIMOR),67,0,67,0,0,0,0.06,3
2011,TOGO,672,0,510,4,158,0,0.1,66
2011,TONGA,28,0,28,0,0,0,0.27,3
2011,TRINIDAD AND TOBAGO,12799,0,1374,11313,112,0,9.59,577
2011,TUNISIA,7096,12,2940,3075,959,110,0.66,210
2011,TURKEY,87494,35570,20323,22977,8623,0,1.19,1099
2011,TURKMENISTAN,17035,0,4845,11925,265,0,3.34,410
2011,TURKS AND CAICOS ISLANDS,52,0,52,0,0,0,1.64,0
2011,TUVALU,2,0,2,0,0,0,0.0,0
2011,UGANDA,1163,0,936,0,227,0,0.03,77
2011,UKRAINE,78100,37928,9479,29262,1430,0,1.72,205
2011,UNITED ARAB EMIRATES,45116,516,6109,35527,2448,516,5.17,18713
2011,UNITED KINGDOM,122124,31296,45006,44043,1160,618,1.93,11977
2011,UNITED REPUBLIC OF TANZANIA,2207,59,1376,444,328,1,0.05,139
2011,UNITED STATES OF AMERICA,1442509,498720,575746,355630,9335,3079,4.56,40600
2011,URUGUAY,2117,1,1943,40,132,0,0.63,401
2011,UZBEKISTAN,31002,1478,2649,25964,911,0,1.1,0
2011,VANUATU,36,0,36,0,0,0,0.15,9
2011,VENEZUELA,48220,212,25860,16219,1055,4874,1.64,857
2011,VIET NAM,41497,16253,12876,4443,7925,0,0.46,660
2011,WALLIS AND FUTUNA ISLANDS,7,0,7,0,0,0,0.5,1
2011,YEMEN,5363,126,4752,355,129,0,0.22,134
2011,ZAMBIA,801,73,562,0,167,0,0.06,28
2011,ZIMBABWE,2608,1584,888,0,136,0,0.18,8
2012,AFGHANISTAN,2933,1000,1844,84,5,0,0.1,9
2012,ALBANIA,1339,171,861,8,299,0,0.46,7
2012,ALGERIA,35448,283,13248,17499,2584,1835,0.95,658
2012,ANDORRA,133,0,133,0,0,0,1.68,0
2012,ANGOLA,9108,0,4691,388,218,3811,0.4,470
2012,ANGUILLA,39,0,39,0,0,0,2.73,0
2012,ANTIGUA & BARBUDA,143,0,143,0,0,0,1.61,42
2012,ARGENTINA,52456,1180,23363,26032,1457,424,1.25,2068
2012,ARMENIA,1553,2,244,1246,60,0,0.52,40
2012,ARUBA,368,0,368,0,0,0,3.59,79
2012,AUSTRALIA,105843,53298,33410,17843,1156,136,4.62,3433
2012,AUSTRIA,16982,3342,8458,4576,606,0,2.01,581
2012,AZERBAIJAN,9696,4,3220,5413,267,792,1.04,391
2012,BAHAMAS,537,1,536,0,0,0,1.44,192
2012,BAHRAIN,7274,0,432,6658,184,0,5.45,481
2012,BANGLADESH,18409,934,4015,11385,2074,0,0.12,343
2012,BARBADOS,401,0,367,10,24,1,1.43,97
2012,BELARUS,17241,803,5193,10579,667,0,1.82,0
2012,BELGIUM,25936,3205,12904,8973,854,0,2.34,6507
2012,BELIZE,130,0,128,2,0,0,0.39,9
2012,BENIN,1492,0,1303,0,189,0,0.15,137
2012,BERMUDA,130,0,130,0,0,0,2.05,18
2012,BHUTAN,223,38,114,0,71,0,0.3,2
2012,"BONAIRE, SAINT EUSTATIUS, AND SABA",85,0,85,0,0,0,3.72,185
2012,BOSNIA & HERZEGOVINA,6070,4704,1121,131,115,0,1.59,4
2012,BOTSWANA,1154,355,749,0,50,0,0.54,10
2012,BRAZIL,128178,17165,84409,16328,9428,848,0.63,5168
2012,BRITISH VIRGIN ISLANDS,48,0,48,0,0,0,1.67,0
2012,BRUNEI (DARUSSALAM),2636,0,564,1942,45,86,6.5,125
2012,BULGARIA,12192,7479,2979,1531,203,0,1.67,191
2012,BURKINA FASO,717,0,627,0,90,0,0.04,37
2012,BURUNDI,77,8,59,0,10,0,0.01,3
2012,CAMBODIA,1488,11,1344,0,133,0,0.1,47
2012,CANADA,141112,20803,65652,51994,1695,968,4.05,1171
2012,CAPE VERDE,138,0,138,0,0,0,0.28,89
2012,CAYMAN ISLANDS,146,0,146,0,0,0,2.53,10
2012,CENTRAL AFRICAN REPUBLIC,80,0,80,0,0,0,0.02,28
2012,CHAD,167,0,148,0,19,0,0.01,15
2012,CHILE,22082,6407,12326,2677,642,29,1.27,718
2012,CHINA (MAINLAND),2734817,2037338,321155,75764,300560,0,2.02,12701
2012,COLOMBIA,21803,3150,10556,6250,1486,361,0.47,1188
2012,COMOROS,39,0,39,0,0,0,0.05,3
2012,CONGO,810,0,679,111,20,0,0.19,40
2012,COOK ISLANDS,19,0,19,0,0,0,0.94,2
2012,COSTA RICA,2118,63,1865,0,190,0,0.46,0
2012,COTE D IVOIRE,2535,0,1386,891,258,0,0.12,68
2012,CROATIA,4907,654,2452,1507,293,0,1.14,90
2012,CUBA,9860,4,9066,542,248,0,0.87,140
2012,CURACAO,1636,0,1636,0,0,0,10.72,1408
2012,CYPRUS,1887,0,1747,0,140,0,1.67,394
2012,CZECH REPUBLIC,27551,17685,5117,4282,467,0,2.61,243
2012,DEMOCRATIC PEOPLE S REPUBLIC OF KOREA,13378,11803,691,0,884,0,0.54,0
2012,DEMOCRATIC REPUBLIC OF THE CONGO (FORMERLY ZAIRE),655,0,599,0,56,0,0.01,119
2012,DENMARK,9934,2553,4918,2176,245,42,1.77,1138
2012,DJIBOUTI,141,0,141,0,0,0,0.17,87
2012,DOMINICA,37,0,37,0,0,0,0.51,2
2012,DOMINICAN REPUBLIC,6033,637,4249,585,562,0,0.59,409
2012,ECUADOR,10401,0,8806,464,819,312,0.67,624
2012,EGYPT,59195,492,25836,25360,7507,0,0.69,1001
2012,EL SALVADOR,1817,0,1629,0,188,0,0.3,71
2012,EQUATORIAL GUINEA,1395,0,166,933,0,297,1.8,30
2012,ERITREA,180,0,145,0,35,0,0.04,1
2012,ESTONIA,4806,4062,337,341,66,0,3.63,382
2012,ETHIOPIA,2335,162,1697,0,476,0,0.03,272
2012,FAEROE ISLANDS,161,0,161,0,0,0,3.32,27
2012,FALKLAND ISLANDS (MALVINAS),15,3,12,0,0,0,5.21,0
2012,FEDERATED STATES OF MICRONESIA,37,0,37,0,0,0,0.36,1
2012,FIJI,289,0,269,0,20,0,0.33,44
2012,FINLAND,13399,4911,6436,1877,176,0,2.47,616
2012,FRANCE (INCLUDING MONACO),90872,11645,52933,23871,2422,0,1.43,6775
2012,FRENCH GUIANA,161,0,147,0,14,0,0.65,33
2012,FRENCH POLYNESIA,222,0,222,0,0,0,0.81,45
2012,GABON,1392,0,646,193,27,527,0.86,237
2012,GAMBIA,124,0,122,1,0,0,0.07,13
2012,GEORGIA,2302,322,741,1029,210,0,0.56,32
2012,GERMANY,201762,84428,69309,43608,4411,6,2.51,9060
2012,GHANA,3239,0,2611,219,408,0,0.13,176
2012,GIBRALTAR,126,0,126,0,0,0,4.0,3682
2012,GREECE,21828,8760,10099,2287,681,0,1.96,2545
2012,GREENLAND,155,0,155,0,0,0,2.75,19
2012,GRENADA,74,0,74,0,0,0,0.7,3
2012,GUADELOUPE,694,145,508,0,41,0,1.51,92
2012,GUATEMALA,3265,361,2513,0,392,0,0.21,292
2012,GUINEA,704,0,661,0,43,0,0.06,21
2012,GUINEA BISSAU,69,0,69,0,0,0,0.04,9
2012,GUYANA,544,0,544,0,0,0,0.72,13
2012,HAITI,631,0,590,0,41,0,0.06,44
2012,HONDURAS,2450,183,2033,0,235,0,0.32,43
2012,HONG KONG SPECIAL ADMINSTRATIVE REGION OF CHINA,11842,7540,2741,1333,228,0,1.67,13123
2012,HUNGARY,12158,2901,3771,5232,254,0,1.22,142
2012,ICELAND,491,96,395,0,0,0,1.52,170
2012,INDIA,550451,372453,119399,21312,36720,567,0.44,4035
2012,INDONESIA,173733,81711,59710,21851,7120,3342,0.7,790
2012,IRAQ,41648,0,30924,3077,1360,6287,1.26,426
2012,IRELAND,9706,2455,4576,2513,163,0,2.08,553
2012,ISLAMIC REPUBLIC OF IRAN,166828,1126,66900,79769,9554,9479,2.19,2643
2012,ISRAEL,20597,8891,9592,1314,801,0,2.68,950
2012,ITALY (INCLUDING SAN MARINO),100755,16819,42046,38321,3569,0,1.69,4779
2012,JAMAICA,2035,53,1880,0,103,0,0.74,209
2012,JAPAN,335470,115977,146258,65791,7444,0,2.64,8600
2012,JORDAN,6666,0,5703,412,552,0,0.95,126
2012,KAZAKHSTAN,66259,39243,8834,17223,959,0,3.94,168
2012,KENYA,3413,248,2534,0,631,0,0.08,585
2012,KIRIBATI,17,0,17,0,0,0,0.16,3
2012,KUWAIT,27907,0,17982,9479,326,119,8.16,1629
2012,KYRGYZSTAN,2763,1096,1275,223,169,0,0.49,26
2012,LAO PEOPLE S DEMOCRATIC REPUBLIC,463,142,116,0,204,0,0.07,9
2012,LATVIA,1926,95,951,756,123,0,0.95,307
2012,LEBANON,6172,171,5279,0,722,0,1.25,203
2012,LESOTHO,656,492,163,0,0,0,0.32,0
2012,LIBERIA,280,0,263,0,17,0,0.07,18
2012,LIBYAN ARAB JAMAHIRIYAH,14367,0,9113,2923,272,2059,2.29,484
2012,LIECHTENSTEIN,13,0,0,13,0,0,0.36,0
2012,LITHUANIA,3772,245,1731,1658,138,0,1.25,159
2012,LUXEMBOURG,2908,56,2036,656,160,0,5.46,309
2012,MACAU SPECIAL ADMINSTRATIVE REGION OF CHINA,358,0,358,0,0,0,0.64,0
2012,MACEDONIA,2445,1508,773,71,93,0,1.18,7
2012,MADAGASCAR,738,190,517,0,31,0,0.03,70
2012,MALAWI,299,59,217,0,23,0,0.02,6
2012,MALAYSIA,59642,16340,20544,18092,2955,1712,2.06,1509
2012,MALDIVES,303,0,303,0,0,0,0.88,101
2012,MALI,271,0,271,0,0,0,0.02,19
2012,MALTA,731,0,731,0,0,0,1.76,1129
2012,MARSHALL ISLANDS,28,0,28,0,0,0,0.52,0
2012,MARTINIQUE,604,0,584,0,20,0,1.53,119
2012,MAURITANIA,724,0,636,0,88,0,0.19,20
2012,MAURITIUS,1082,433,649,0,0,0,0.86,321
2012,MEXICO,135349,13434,79191,37043,4921,759,1.11,3115
2012,MONGOLIA,7152,6156,949,0,47,0,2.55,0
2012,MONTENEGRO,637,411,226,0,0,0,1.02,10
2012,MONTSERRAT,12,0,12,0,0,0,2.33,1
2012,MOROCCO,17107,3991,10251,651,2213,0,0.51,800
2012,MOZAMBIQUE,851,11,632,47,161,0,0.03,56
2012,MYANMAR (FORMERLY BURMA),3019,301,1613,976,125,3,0.06,31
2012,NAMIBIA,923,75,779,0,68,0,0.4,33
2012,NAURU,11,0,11,0,0,0,1.08,4
2012,NEPAL,1597,227,1001,0,370,0,0.06,80
2012,NETHERLANDS,46444,8227,17457,20457,280,23,2.77,14710
2012,NEW CALEDONIA,990,345,628,0,17,0,3.91,27
2012,NEW ZEALAND,9313,1756,4941,2398,155,63,2.1,918
2012,NICARAGUA,1260,0,1176,0,84,0,0.21,18
2012,NIGER,509,105,394,0,10,0,0.03,10
2012,NIGERIA,26862,35,9851,7880,2176,6920,0.16,492
2012,NIUE,2,0,2,0,0,0,1.04,0
2012,NORWAY,13605,847,9403,2872,226,257,2.71,617
2012,OCCUPIED PALESTINIAN TERRITORY,600,0,600,0,0,0,0.14,0
2012,OMAN,16133,0,3394,11363,694,681,4.55,1029
2012,PAKISTAN,44586,4011,17409,19086,4080,0,0.25,237
2012,PALAU,69,0,69,0,0,0,3.31,15
2012,PANAMA,2758,340,2104,0,314,0,0.74,3349
2012,PAPUA NEW GUINEA,1385,0,1287,71,27,0,0.19,50
2012,PARAGUAY,1441,1,1330,0,109,0,0.23,23
2012,PERU,15018,704,7013,3533,1374,2394,0.5,750
2012,PHILIPPINES,24872,8855,11449,1996,2571,0,0.26,1099
2012,PLURINATIONAL STATE OF BOLIVIA,5125,0,2796,1919,369,42,0.5,36
2012,POLAND,81792,53724,17353,8544,2165,6,2.12,573
2012,PORTUGAL,12548,3036,6500,2456,556,0,1.19,1306
2012,QATAR,25668,0,2261,22289,748,369,12.73,1536
2012,REPUBLIC OF CAMEROON,1671,0,1359,139,173,0,0.08,101
2012,REPUBLIC OF KOREA,159249,79765,45017,28093,6373,0,3.21,10420
2012,REPUBLIC OF MOLDOVA,1343,113,569,498,163,0,0.33,19
2012,REPUBLIC OF SOUTH SUDAN,363,0,363,0,0,0,0.03,27
2012,REPUBLIC OF SUDAN,3993,0,3516,0,477,0,0.11,203
2012,REUNION,1159,513,598,0,48,0,1.37,54
2012,ROMANIA,22286,8141,6295,6731,1118,0,1.12,110
2012,RUSSIAN FEDERATION,499272,124583,115878,241786,8391,8635,3.48,7034
2012,RWANDA,201,0,187,0,14,0,0.02,17
2012,SAINT HELENA,3,0,3,0,0,0,0.82,0
2012,SAINT LUCIA,111,0,111,0,0,0,0.61,5
2012,SAINT MARTIN (DUTCH PORTION),190,0,190,0,0,0,5.41,201
2012,SAMOA,54,0,54,0,0,0,0.28,9
2012,SAO TOME & PRINCIPE,31,0,31,0,0,0,0.17,9
2012,SAUDI ARABIA,154034,0,105409,41372,7253,0,5.22,4671
2012,SENEGAL,2158,223,1282,15,638,0,0.16,229
2012,SERBIA,12016,8219,2427,1048,322,0,1.34,35
2012,SEYCHELLES,120,0,120,0,0,0,1.27,162
2012,SIERRA LEONE,281,0,235,0,46,0,0.05,7
2012,SINGAPORE,9919,29,4955,4935,0,0,1.87,41967
2012,SLOVAKIA,8935,3660,2146,2726,396,7,1.65,31
2012,SLOVENIA,4031,1514,1943,444,130,0,1.95,63
2012,SOLOMON ISLANDS,54,0,54,0,0,0,0.1,4
2012,SOMALIA,166,0,166,0,0,0,0.02,57
2012,SOUTH AFRICA,127835,108478,15265,2521,1572,0,2.42,3737
2012,SPAIN,72206,15896,36295,17847,2168,0,1.55,10375
2012,SRI LANKA,4372,524,3576,0,273,0,0.21,563
2012,ST. KITTS-NEVIS,60,0,60,0,0,0,1.12,4
2012,ST. PIERRE & MIQUELON,19,0,19,0,0,0,3.07,5
2012,ST. VINCENT & THE GRENADINES,69,0,69,0,0,0,0.63,0
2012,SURINAME,616,0,597,2,16,1,1.17,68
2012,SWAZILAND,329,142,188,0,0,0,0.27,1
2012,SWEDEN,12830,2265,9645,629,291,0,1.34,2071
2012,SWITZERLAND,10301,126,7730,1828,617,0,1.28,1283
2012,SYRIAN ARAB REPUBLIC,12198,1,7909,3265,816,208,0.61,437
2012,TAIWAN,70393,41269,18701,8273,2150,0,3.02,2774
2012,TAJIKISTAN,800,192,501,74,34,0,0.1,28
2012,THAILAND,80883,17871,35652,23041,4319,0,1.2,2857
2012,TIMOR-LESTE (FORMERLY EAST TIMOR),80,0,80,0,0,0,0.07,3
2012,TOGO,678,0,451,9,218,0,0.1,73
2012,TONGA,29,0,29,0,0,0,0.28,3
2012,TRINIDAD AND TOBAGO,12386,0,1222,11075,89,0,9.23,536
2012,TUNISIA,7364,0,2954,3318,985,107,0.68,251
2012,TURKEY,89872,36927,20984,23273,8688,0,1.2,1017
2012,TURKMENISTAN,17691,0,5070,12300,322,0,3.42,355
2012,TURKS AND CAICOS ISLANDS,54,0,54,0,0,0,1.68,0
2012,TUVALU,3,0,3,0,0,0,0.0,0
2012,UGANDA,1110,0,868,0,242,0,0.03,79
2012,UKRAINE,80663,43570,8877,26876,1339,0,1.78,255
2012,UNITED ARAB EMIRATES,48101,1540,7740,36191,2094,535,5.37,19340
2012,UNITED KINGDOM,127781,39717,44872,41549,1081,563,2.01,11295
2012,UNITED REPUBLIC OF TANZANIA,2603,57,1686,507,351,1,0.05,149
2012,UNITED STATES OF AMERICA,1396083,443904,566582,372277,10191,3129,4.38,29859
2012,URUGUAY,2371,2,2220,29,119,0,0.7,321
2012,UZBEKISTAN,31583,1493,2352,26813,925,0,1.1,0
2012,VANUATU,31,0,31,0,0,0,0.13,9
2012,VENEZUELA,54204,218,30075,16851,1103,5957,1.82,1280
2012,VIET NAM,38784,14265,12066,4901,7552,0,0.43,693
2012,WALLIS AND FUTUNA ISLANDS,7,0,7,0,0,0,0.5,1
2012,YEMEN,5091,129,4173,414,375,0,0.2,111
2012,ZAMBIA,1000,95,690,0,215,0,0.07,43
2012,ZIMBABWE,2125,917,1006,0,201,0,0.15,9
2013,AFGHANISTAN,2731,1075,1568,81,7,0,0.09,9
2013,ALBANIA,1381,150,909,9,313,0,0.48,24
2013,ALGERIA,36669,198,14170,17863,2516,1922,0.96,687
2013,ANDORRA,130,0,130,0,0,0,1.71,0
2013,ANGOLA,8895,0,4738,209,272,3675,0.38,374
2013,ANGUILLA,37,0,37,0,0,0,2.58,0
2013,ANTIGUA & BARBUDA,143,0,143,0,0,0,1.59,42
2013,ARGENTINA,51773,649,24226,24771,1617,510,1.22,2253
2013,ARMENIA,1499,1,232,1207,59,0,0.5,39
2013,ARUBA,235,0,235,0,0,0,2.29,80
2013,AUSTRALIA,101518,47663,33655,18902,1142,155,4.36,3445
2013,AUSTRIA,17040,3402,8632,4410,596,0,2.01,555
2013,AZERBAIJAN,9720,3,3293,5436,312,675,1.02,393
2013,BAHAMAS,764,1,763,0,0,0,2.02,167
2013,BAHRAIN,8539,0,1211,7145,184,0,6.33,344
2013,BANGLADESH,19010,1023,3866,11839,2282,0,0.12,352
2013,BARBADOS,395,0,360,12,22,1,1.4,109
2013,BELARUS,17390,858,5170,10675,688,0,1.83,86
2013,BELGIUM,26444,3291,13330,8991,832,0,2.37,6542
2013,BELIZE,140,0,138,2,0,0,0.41,12
2013,BENIN,1585,0,1392,0,193,0,0.15,146
2013,BERMUDA,125,0,125,0,0,0,1.99,18
2013,BHUTAN,251,53,120,0,78,0,0.33,3
2013,"BONAIRE, SAINT EUSTATIUS, AND SABA",88,0,88,0,0,0,3.71,190
2013,BOSNIA & HERZEGOVINA,5978,4663,1093,102,120,0,1.56,3
2013,BOTSWANA,1426,589,787,0,50,0,0.66,11
2013,BRAZIL,137354,18773,88898,19399,9517,767,0.67,4895
2013,BRITISH VIRGIN ISLANDS,48,0,48,0,0,0,1.64,0
2013,BRUNEI (DARUSSALAM),2128,0,452,1535,46,95,5.17,139
2013,BULGARIA,10799,6326,2729,1498,246,0,1.49,210
2013,BURKINA FASO,834,0,755,0,79,0,0.05,47
2013,BURUNDI,79,6,59,0,14,0,0.01,3
2013,CAMBODIA,1528,49,1335,0,144,0,0.1,54
2013,CANADA,141031,18778,65850,53841,1579,983,4.0,1048
2013,CAPE VERDE,136,0,136,0,0,0,0.27,86
2013,CAYMAN ISLANDS,146,0,146,0,0,0,2.5,9
2013,CENTRAL AFRICAN REPUBLIC,81,0,81,0,0,0,0.02,28
2013,CHAD,191,0,167,0,24,0,0.01,15
2013,CHILE,22696,6931,12531,2536,664,33,1.29,689
2013,CHINA (MAINLAND),2797384,2045156,336960,87371,327896,0,2.05,12057
2013,COLOMBIA,24441,3581,11564,6306,1530,1459,0.52,1547
2013,COMOROS,48,0,48,0,0,0,0.06,3
2013,CONGO,842,0,693,115,34,0,0.19,37
2013,COOK ISLANDS,19,0,19,0,0,0,0.93,2
2013,COSTA RICA,2072,63,1809,0,199,0,0.44,133
2013,COTE D IVOIRE,2914,0,1578,1023,313,0,0.13,62
2013,CROATIA,4786,699,2344,1425,317,0,1.12,98
2013,CUBA,9490,10,8696,558,226,0,0.84,203
2013,CURACAO,1422,0,1422,0,0,0,9.21,1421
2013,CYPRUS,1622,0,1505,0,116,0,1.42,406
2013,CZECH REPUBLIC,26909,17124,5010,4339,437,0,2.55,234
2013,DEMOCRATIC PEOPLE S REPUBLIC OF KOREA,9820,8108,746,0,966,0,0.39,0
2013,DEMOCRATIC REPUBLIC OF THE CONGO (FORMERLY ZAIRE),979,0,918,0,61,0,0.01,129
2013,DENMARK,10508,3248,4884,2071,249,56,1.87,1230
2013,DJIBOUTI,166,0,146,0,20,0,0.19,92
2013,DOMINICA,36,0,36,0,0,0,0.5,2
2013,DOMINICAN REPUBLIC,5847,604,4136,530,577,0,0.57,371
2013,ECUADOR,11180,0,9454,539,907,280,0.71,634
2013,EGYPT,58198,224,26501,24672,6800,0,0.66,694
2013,EL SALVADOR,1699,0,1536,0,163,0,0.28,123
2013,EQUATORIAL GUINEA,1408,0,166,823,0,420,1.77,30
2013,ERITREA,182,0,147,0,35,0,0.04,1
2013,ESTONIA,5425,4736,280,347,62,0,4.11,393
2013,ETHIOPIA,2900,211,2009,0,680,0,0.03,299
2013,FAEROE ISLANDS,185,0,185,0,0,0,3.83,20
2013,FALKLAND ISLANDS (MALVINAS),15,3,12,0,0,0,5.18,0
2013,FEDERATED STATES OF MICRONESIA,39,0,39,0,0,0,0.37,1
2013,FIJI,314,0,289,0,25,0,0.36,48
2013,FINLAND,12877,5478,5437,1784,177,0,2.36,639
2013,FRANCE (INCLUDING MONACO),91109,12683,51614,24363,2450,0,1.43,6547
2013,FRENCH GUIANA,172,0,159,0,13,0,0.68,33
2013,FRENCH POLYNESIA,224,0,224,0,0,0,0.81,46
2013,GABON,1440,0,738,158,23,522,0.87,222
2013,GAMBIA,118,0,116,1,0,0,0.06,18
2013,GEORGIA,2143,331,726,867,220,0,0.52,73
2013,GERMANY,206521,86226,70373,45658,4258,5,2.56,8982
2013,GHANA,3987,0,3415,164,408,0,0.15,153
2013,GIBRALTAR,134,0,134,0,0,0,4.22,3370
2013,GREECE,18948,7517,8594,2021,815,0,1.71,2443
2013,GREENLAND,151,0,151,0,0,0,2.68,14
2013,GRENADA,83,0,83,0,0,0,0.78,3
2013,GUADELOUPE,697,145,511,0,41,0,1.5,92
2013,GUATEMALA,3718,361,2954,0,404,0,0.24,310
2013,GUINEA,627,0,576,0,51,0,0.05,21
2013,GUINEA BISSAU,70,0,70,0,0,0,0.04,9
2013,GUYANA,528,0,528,0,0,0,0.69,9
2013,HAITI,656,0,615,0,41,0,0.06,76
2013,HONDURAS,2472,186,2055,0,231,0,0.31,36
2013,HONG KONG SPECIAL ADMINSTRATIVE REGION OF CHINA,12273,8037,2698,1298,240,0,1.71,13498
2013,HUNGARY,11492,2547,3923,4747,275,0,1.16,139
2013,ICELAND,518,101,417,0,0,0,1.59,156
2013,INDIA,554882,362676,125763,27784,38080,579,0.43,4405
2013,INDONESIA,133686,39375,65400,17673,7710,3528,0.53,1068
2013,IRAQ,45134,0,33411,3564,1632,6527,1.32,491
2013,IRELAND,9505,2132,4705,2395,272,0,2.03,631
2013,ISLAMIC REPUBLIC OF IRAN,169015,1160,68466,80495,9343,9550,2.19,3665
2013,ISRAEL,18290,7281,6554,3585,870,0,2.34,1130
2013,ITALY (INCLUDING SAN MARINO),94169,14007,41178,35842,3142,0,1.57,4440
2013,JAMAICA,2207,64,2030,0,112,0,0.8,195
2013,JAPAN,339928,125408,140230,66407,7883,0,2.68,8631
2013,JORDAN,6651,322,5248,510,571,0,0.92,121
2013,KAZAKHSTAN,71679,38840,12964,18914,962,0,4.19,140
2013,KENYA,3636,274,2673,0,688,0,0.08,495
2013,KIRIBATI,17,0,17,0,0,0,0.15,3
2013,KUWAIT,26819,0,16863,9434,408,114,7.46,1599
2013,KYRGYZSTAN,2684,976,1309,171,228,0,0.47,41
2013,LAO PEOPLE S DEMOCRATIC REPUBLIC,430,105,121,0,204,0,0.07,9
2013,LATVIA,1931,82,960,752,136,0,0.96,310
2013,LEBANON,6158,137,5228,0,793,0,1.16,247
2013,LESOTHO,664,500,164,0,0,0,0.32,0
2013,LIBERIA,261,0,235,0,26,0,0.06,18
2013,LIBYAN ARAB JAMAHIRIYAH,15344,0,9745,3622,272,1705,2.45,339
2013,LIECHTENSTEIN,14,0,0,14,0,0,0.37,0
2013,LITHUANIA,3447,280,1669,1352,146,0,1.16,135
2013,LUXEMBOURG,2741,49,2004,556,133,0,5.03,310
2013,MACAU SPECIAL ADMINSTRATIVE REGION OF CHINA,322,0,322,0,0,0,0.57,0
2013,MACEDONIA,2140,1244,711,81,104,0,1.03,9
2013,MADAGASCAR,850,308,511,0,31,0,0.04,60
2013,MALAWI,334,60,229,0,44,0,0.02,6
2013,MALAYSIA,64497,15827,23656,20556,2918,1540,2.19,2286
2013,MALDIVES,298,0,298,0,0,0,0.85,125
2013,MALI,280,0,280,0,0,0,0.02,20
2013,MALTA,638,0,638,0,0,0,1.53,1129
2013,MARSHALL ISLANDS,28,0,28,0,0,0,0.54,0
2013,MARTINIQUE,603,0,583,0,20,0,1.52,119
2013,MAURITANIA,728,0,634,0,94,0,0.19,25
2013,MAURITIUS,1110,456,654,0,0,0,0.88,330
2013,MEXICO,133717,13640,75790,38831,4707,749,1.08,3124
2013,MONGOLIA,10568,9531,1002,0,35,0,3.7,0
2013,MONTENEGRO,613,397,217,0,0,0,0.98,11
2013,MONTSERRAT,14,0,14,0,0,0,2.81,1
2013,MOROCCO,16112,3104,10067,646,2294,0,0.47,610
2013,MOZAMBIQUE,1096,10,811,97,177,0,0.04,60
2013,MYANMAR (FORMERLY BURMA),3507,352,1853,1147,152,3,0.07,33
2013,NAMIBIA,717,29,598,0,90,0,0.31,17
2013,NAURU,12,0,12,0,0,0,1.16,4
2013,NEPAL,1810,284,1119,0,407,0,0.07,80
2013,NETHERLANDS,47247,8088,18056,20810,272,20,2.81,14274
2013,NEW CALEDONIA,1157,366,775,0,16,0,4.51,11
2013,NEW ZEALAND,9124,1545,4898,2486,158,38,2.04,953
2013,NICARAGUA,1241,0,1153,0,88,0,0.21,17
2013,NIGER,529,93,432,0,4,0,0.03,19
2013,NIGERIA,26762,32,9838,7814,2720,6359,0.15,607
2013,NIUE,2,0,2,0,0,0,1.04,0
2013,NORWAY,15861,802,10960,3582,231,286,3.12,717
2013,OCCUPIED PALESTINIAN TERRITORY,665,0,665,0,0,0,0.15,0
2013,OMAN,16738,0,2870,12455,608,806,4.28,1075
2013,PAKISTAN,44812,3728,18982,17886,4216,0,0.25,252
2013,PALAU,70,0,70,0,0,0,3.36,15
2013,PANAMA,2923,351,2250,0,322,0,0.77,3268
2013,PAPUA NEW GUINEA,1687,0,1588,71,27,0,0.23,54
2013,PARAGUAY,1482,0,1351,0,131,0,0.23,27
2013,PERU,15586,784,7097,3238,1432,3036,0.51,617
2013,PHILIPPINES,26760,10924,11257,1839,2740,0,0.27,1096
2013,PLURINATIONAL STATE OF BOLIVIA,5159,0,2752,1934,422,51,0.5,44
2013,POLAND,82432,56336,15528,8579,1977,11,2.13,558
2013,PORTUGAL,12388,2741,6621,2346,680,0,1.18,1349
2013,QATAR,23186,0,3215,18855,726,389,11.03,1700
2013,REPUBLIC OF CAMEROON,1847,0,1417,239,190,0,0.08,106
2013,REPUBLIC OF KOREA,161576,80733,44671,29741,6432,0,3.24,10442
2013,REPUBLIC OF MOLDOVA,1363,151,586,470,156,0,0.33,18
2013,REPUBLIC OF SOUTH SUDAN,395,0,395,0,0,0,0.03,31
2013,REPUBLIC OF SUDAN,4220,0,3739,0,481,0,0.11,180
2013,REUNION,1118,492,572,0,54,0,1.32,47
2013,ROMANIA,19347,6153,6036,6145,1013,0,0.98,156
2013,RUSSIAN FEDERATION,485018,114984,105329,246808,9044,8853,3.38,9524
2013,RWANDA,219,0,203,0,15,0,0.02,16
2013,SAINT HELENA,3,0,3,0,0,0,0.83,0
2013,SAINT LUCIA,111,0,111,0,0,0,0.61,5
2013,SAINT MARTIN (DUTCH PORTION),195,0,195,0,0,0,5.35,203
2013,SAMOA,54,0,54,0,0,0,0.28,9
2013,SAO TOME & PRINCIPE,31,0,31,0,0,0,0.17,9
2013,SAUDI ARABIA,147545,0,98085,41812,7648,0,4.89,4526
2013,SENEGAL,2297,224,1346,20,706,0,0.16,271
2013,SERBIA,12240,8539,2242,1166,293,0,1.37,44
2013,SEYCHELLES,110,0,110,0,0,0,1.15,158
2013,SIERRA LEONE,325,0,282,0,43,0,0.05,7
2013,SINGAPORE,15183,308,9324,5550,0,0,2.81,42215
2013,SLOVAKIA,9024,3657,2090,2847,424,7,1.67,34
2013,SLOVENIA,3859,1441,1831,432,155,0,1.87,74
2013,SOLOMON ISLANDS,55,0,55,0,0,0,0.1,4
2013,SOMALIA,166,0,166,0,0,0,0.02,57
2013,SOUTH AFRICA,127182,106634,16337,2556,1655,0,2.38,3624
2013,SPAIN,64640,11355,35077,16341,1868,0,1.39,9324
2013,SRI LANKA,4224,551,3411,0,262,0,0.21,524
2013,ST. KITTS-NEVIS,61,0,61,0,0,0,1.13,4
2013,ST. PIERRE & MIQUELON,20,0,20,0,0,0,3.2,5
2013,ST. VINCENT & THE GRENADINES,57,0,57,0,0,0,0.52,0
2013,SURINAME,523,0,502,2,18,1,0.98,60
2013,SWAZILAND,297,106,191,0,0,0,0.24,1
2013,SWEDEN,12230,2298,8988,597,348,0,1.27,2064
2013,SWITZERLAND,10970,128,8299,1925,618,0,1.35,1288
2013,SYRIAN ARAB REPUBLIC,9937,1,6431,2683,544,279,0.51,403
2013,TAIWAN,71022,41957,18614,8201,2251,0,3.04,2917
2013,TAJIKISTAN,949,239,500,158,52,0,0.12,30
2013,THAILAND,81835,18073,35244,23641,4876,0,1.21,3772
2013,TIMOR-LESTE (FORMERLY EAST TIMOR),120,0,120,0,0,0,0.11,3
2013,TOGO,725,0,470,11,244,0,0.1,77
2013,TONGA,31,0,31,0,0,0,0.29,1
2013,TRINIDAD AND TOBAGO,12692,0,1374,11209,109,0,9.41,709
2013,TUNISIA,7545,0,3108,3309,1021,107,0.69,251
2013,TURKEY,88566,34281,21125,23456,9702,1,1.16,1908
2013,TURKMENISTAN,18199,0,5211,12628,360,0,3.47,389
2013,TURKS AND CAICOS ISLANDS,54,0,54,0,0,0,1.64,0
2013,TUVALU,3,0,3,0,0,0,0.0,0
2013,UGANDA,1328,125,929,0,275,0,0.04,79
2013,UKRAINE,74141,40630,7527,24643,1341,0,1.64,105
2013,UNITED ARAB EMIRATES,46552,1947,4708,37226,2135,536,5.15,21260
2013,UNITED KINGDOM,124966,38543,43698,41024,1116,586,1.95,11111
2013,UNITED REPUBLIC OF TANZANIA,3048,62,2157,510,319,1,0.06,159
2013,UNITED STATES OF AMERICA,1406916,450641,562260,379659,10528,3828,4.38,31592
2013,URUGUAY,2069,2,1924,27,116,0,0.61,257
2013,UZBEKISTAN,28185,1552,2216,23466,951,0,0.97,0
2013,VANUATU,29,0,29,0,0,0,0.12,9
2013,VENEZUELA,50156,217,28343,13240,1151,7205,1.66,1272
2013,VIET NAM,40150,15359,11860,5109,7822,0,0.44,752
2013,WALLIS AND FUTUNA ISLANDS,6,0,6,0,0,0,0.44,1
2013,YEMEN,6953,134,5811,560,449,0,0.27,166
2013,ZAMBIA,1079,125,708,0,246,0,0.07,43
2013,ZIMBABWE,3184,1902,1119,0,162,0,0.21,9
2014,AFGHANISTAN,2675,1194,1393,74,14,0,0.08,9
2014,ALBANIA,1559,191,1053,16,299,0,0.54,23
2014,ALGERIA,39651,149,14422,20151,2856,2073,1.02,581
2014,ANDORRA,126,0,126,0,0,0,1.74,0
2014,ANGOLA,9480,0,5310,158,340,3672,0.39,509
2014,ANGUILLA,39,0,39,0,0,0,2.66,0
2014,ANTIGUA & BARBUDA,145,0,145,0,0,0,1.59,44
2014,ARGENTINA,55638,1588,25685,26368,1551,446,1.29,2079
2014,ARMENIA,1508,0,234,1216,58,0,0.5,34
2014,ARUBA,238,0,238,0,0,0,2.3,80
2014,AUSTRALIA,98517,44558,32778,19800,1224,157,4.17,3754
2014,AUSTRIA,16011,3129,8259,4025,598,0,1.88,553
2014,AZERBAIJAN,10223,2,3174,5782,390,876,1.06,360
2014,BAHAMAS,659,1,657,0,0,0,1.72,162
2014,BAHRAIN,8546,0,604,7738,204,0,6.28,338
2014,BANGLADESH,19959,957,4154,12536,2312,0,0.13,362
2014,BARBADOS,347,0,317,7,22,0,1.22,27
2014,BELARUS,17316,888,5072,10592,764,0,1.82,94
2014,BELGIUM,25457,3215,13543,7869,830,0,2.27,5889
2014,BELIZE,135,0,134,1,0,0,0.38,10
2014,BENIN,1723,51,1483,0,190,0,0.16,156
2014,BERMUDA,157,0,157,0,0,0,2.51,24
2014,BHUTAN,273,69,111,0,94,0,0.36,3
2014,"BONAIRE, SAINT EUSTATIUS, AND SABA",88,0,88,0,0,0,3.62,190
2014,BOSNIA & HERZEGOVINA,6063,4738,1117,95,114,0,1.59,3
2014,BOTSWANA,1918,1049,819,0,50,0,0.86,9
2014,BRAZIL,144480,20089,92454,21297,9691,949,0.7,4895
2014,BRITISH VIRGIN ISLANDS,49,0,49,0,0,0,1.64,0
2014,BRUNEI (DARUSSALAM),2484,0,461,1848,48,127,5.95,122
2014,BULGARIA,11567,6821,3018,1476,252,0,1.61,211
2014,BURKINA FASO,777,0,722,0,55,0,0.04,29
2014,BURUNDI,120,4,106,0,10,0,0.01,3
2014,CAMBODIA,1823,251,1382,0,190,0,0.12,63
2014,CANADA,146494,20667,67717,55436,1616,1059,4.12,914
2014,CAPE VERDE,134,0,134,0,0,0,0.26,105
2014,CAYMAN ISLANDS,148,0,148,0,0,0,2.5,9
2014,CENTRAL AFRICAN REPUBLIC,82,0,82,0,0,0,0.02,29
2014,CHAD,199,0,172,0,27,0,0.01,15
2014,CHILE,22515,6989,12610,2223,680,13,1.27,702
2014,CHINA (MAINLAND),2806634,2026492,344725,96504,338912,0,2.05,12066
2014,COLOMBIA,22932,3988,10856,6186,1684,218,0.48,1636
2014,COMOROS,42,0,42,0,0,0,0.05,3
2014,CONGO,844,0,658,123,63,0,0.19,34
2014,COOK ISLANDS,19,0,19,0,0,0,0.93,2
2014,COSTA RICA,2116,63,1849,0,204,0,0.44,132
2014,COTE D IVOIRE,3012,0,1627,1032,354,0,0.14,96
2014,CROATIA,4593,670,2343,1261,319,0,1.08,98
2014,CUBA,9500,1,8655,629,215,0,0.83,206
2014,CURACAO,1604,0,1604,0,0,0,10.3,1446
2014,CYPRUS,1653,3,1551,0,100,0,1.43,397
2014,CZECH REPUBLIC,26309,16744,5202,3861,502,0,2.5,242
2014,DEMOCRATIC PEOPLE S REPUBLIC OF KOREA,11052,9361,712,0,979,0,0.44,0
2014,DEMOCRATIC REPUBLIC OF THE CONGO (FORMERLY ZAIRE),1274,0,1228,1,45,0,0.02,193
2014,DENMARK,9135,2468,4606,1757,255,50,1.62,1383
2014,DJIBOUTI,197,0,149,0,48,0,0.22,94
2014,DOMINICA,37,0,37,0,0,0,0.51,2
2014,DOMINICAN REPUBLIC,5874,765,3938,518,653,0,0.56,414
2014,ECUADOR,11977,0,10114,548,898,417,0.75,664
2014,EGYPT,55057,408,22480,25505,6664,0,0.61,1942
2014,EL SALVADOR,1714,0,1578,0,136,0,0.28,130
2014,EQUATORIAL GUINEA,1458,0,166,864,0,428,1.78,30
2014,ERITREA,190,0,149,0,41,0,0.04,1
2014,ESTONIA,5323,4767,223,272,61,0,4.04,317
2014,ETHIOPIA,3163,232,2197,0,734,0,0.03,330
2014,FAEROE ISLANDS,163,0,163,0,0,0,3.39,20
2014,FALKLAND ISLANDS (MALVINAS),15,3,12,0,0,0,5.16,0
2014,FEDERATED STATES OF MICRONESIA,41,0,41,0,0,0,0.39,1
2014,FIJI,319,0,293,0,26,0,0.36,56
2014,FINLAND,12899,4677,6482,1570,170,0,2.35,602
2014,FRANCE (INCLUDING MONACO),82704,9419,50615,20358,2312,0,1.29,6306
2014,FRENCH GUIANA,200,0,188,0,12,0,0.76,33
2014,FRENCH POLYNESIA,219,0,219,0,0,0,0.78,45
2014,GABON,1416,0,749,173,23,471,0.84,211
2014,GAMBIA,140,0,138,1,0,0,0.07,12
2014,GEORGIA,2451,310,774,1145,221,0,0.61,68
2014,GERMANY,196314,84098,68263,39582,4365,5,2.43,8706
2014,GHANA,3945,0,3188,349,408,0,0.15,104
2014,GIBRALTAR,144,0,144,0,0,0,4.5,2509
2014,GREECE,18358,7203,8906,1552,697,0,1.67,2301
2014,GREENLAND,138,0,138,0,0,0,2.46,15
2014,GRENADA,66,0,66,0,0,0,0.62,4
2014,GUADELOUPE,700,145,514,0,41,0,1.5,93
2014,GUATEMALA,4998,521,4000,0,476,0,0.31,311
2014,GUINEA,668,0,599,0,68,0,0.05,21
2014,GUINEA BISSAU,74,0,74,0,0,0,0.04,10
2014,GUYANA,548,0,548,0,0,0,0.72,8
2014,HAITI,780,0,739,0,41,0,0.07,29
2014,HONDURAS,2583,145,2207,0,231,0,0.32,57
2014,HONG KONG SPECIAL ADMINSTRATIVE REGION OF CHINA,12605,8420,2659,1268,258,0,1.74,12769
2014,HUNGARY,11477,2400,4431,4361,286,0,1.16,146
2014,ICELAND,541,90,451,0,0,0,1.65,171
2014,INDIA,610411,407077,140199,25278,37400,457,0.47,4396
2014,INDONESIA,126582,33370,63677,17035,7888,4612,0.5,1356
2014,IRAQ,45935,0,33962,3448,1768,6757,1.3,611
2014,IRELAND,9290,2114,4580,2325,272,0,1.99,711
2014,ISLAMIC REPUBLIC OF IRAN,177115,900,66662,91127,8976,9450,2.27,4218
2014,ISRAEL,17617,6775,6013,3930,898,0,2.22,1011
2014,ITALY (INCLUDING SAN MARINO),87377,13532,39265,31670,2910,0,1.46,4265
2014,JAMAICA,2024,75,1835,0,113,0,0.73,182
2014,JAPAN,331074,122461,133395,67342,7876,0,2.61,8123
2014,JORDAN,7213,375,6057,169,612,0,0.97,110
2014,KAZAKHSTAN,67716,38375,8819,19438,1085,0,3.9,193
2014,KENYA,3896,340,2796,0,759,0,0.09,194
2014,KIRIBATI,17,0,17,0,0,0,0.15,3
2014,KUWAIT,26018,0,15952,9433,517,116,6.93,1585
2014,KYRGYZSTAN,2620,1229,1016,141,235,0,0.45,3
2014,LAO PEOPLE S DEMOCRATIC REPUBLIC,533,84,122,0,326,0,0.08,9
2014,LATVIA,1902,62,1002,676,163,0,0.96,292
2014,LEBANON,6564,171,5643,0,750,0,1.17,222
2014,LESOTHO,673,507,167,0,0,0,0.32,0
2014,LIBERIA,255,0,215,0,40,0,0.06,19
2014,LIBYAN ARAB JAMAHIRIYAH,15543,0,9885,3031,272,2355,2.48,183
2014,LIECHTENSTEIN,12,0,0,12,0,0,0.31,0
2014,LITHUANIA,3501,237,1852,1289,123,0,1.2,74
2014,LUXEMBOURG,2634,55,1903,527,150,0,4.73,337
2014,MACAU SPECIAL ADMINSTRATIVE REGION OF CHINA,350,0,320,31,0,0,0.61,56
2014,MACEDONIA,2048,1177,709,69,93,0,0.99,10
2014,MADAGASCAR,839,278,527,0,33,0,0.04,64
2014,MALAWI,348,55,232,0,61,0,0.02,6
2014,MALAYSIA,66218,15793,24442,21399,2992,1591,2.21,2271
2014,MALDIVES,364,0,364,0,0,0,1.02,204
2014,MALI,385,0,385,0,0,0,0.02,20
2014,MALTA,640,0,640,0,0,0,1.53,1166
2014,MARSHALL ISLANDS,28,0,28,0,0,0,0.52,0
2014,MARTINIQUE,627,0,607,0,20,0,1.58,124
2014,MAURITANIA,739,0,634,0,105,0,0.19,25
2014,MAURITIUS,1153,474,680,0,0,0,0.91,351
2014,MEXICO,130971,13358,73374,37801,4760,1678,1.04,3300
2014,MONGOLIA,5683,4702,925,0,56,0,1.95,0
2014,MONTENEGRO,603,387,216,0,0,0,0.96,15
2014,MONTSERRAT,13,0,13,0,0,0,2.63,1
2014,MOROCCO,16325,4176,9384,629,2137,0,0.47,656
2014,MOZAMBIQUE,2298,225,1507,362,204,0,0.08,103
2014,MYANMAR (FORMERLY BURMA),5899,390,4008,1318,179,4,0.11,34
2014,NAMIBIA,1024,19,907,0,99,0,0.43,40
2014,NAURU,13,0,13,0,0,0,1.32,4
2014,NEPAL,2190,501,1267,0,422,0,0.08,119
2014,NETHERLANDS,45624,9070,18272,18010,272,0,2.7,14210
2014,NEW CALEDONIA,1170,426,729,0,14,0,4.5,9
2014,NEW ZEALAND,9453,1505,5014,2744,150,39,2.1,918
2014,NICARAGUA,1326,0,1231,0,95,0,0.22,19
2014,NIGER,580,98,480,0,3,0,0.03,25
2014,NIGERIA,26256,33,8830,9035,2720,5637,0.15,581
2014,NIUE,3,0,3,0,0,0,1.56,0
2014,NORWAY,12988,879,8542,3085,231,251,2.52,545
2014,OCCUPIED PALESTINIAN TERRITORY,774,0,774,0,0,0,0.17,0
2014,OMAN,16681,0,2904,12272,680,824,3.94,1442
2014,PAKISTAN,45350,3535,19726,17736,4352,0,0.25,263
2014,PALAU,71,0,71,0,0,0,3.37,15
2014,PANAMA,2400,354,1748,0,298,0,0.62,3086
2014,PAPUA NEW GUINEA,1723,0,1628,67,27,0,0.23,49
2014,PARAGUAY,1555,0,1419,0,136,0,0.24,32
2014,PERU,16838,780,7089,4512,1452,3005,0.54,681
2014,PHILIPPINES,28812,11662,12224,1934,2992,0,0.29,980
2014,PLURINATIONAL STATE OF BOLIVIA,5566,0,2897,2142,476,51,0.53,50
2014,POLAND,77922,52194,15261,8372,2089,6,2.02,613
2014,PORTUGAL,12286,2761,6608,2169,748,0,1.18,1359
2014,QATAR,29412,0,1499,26725,816,372,13.54,1072
2014,REPUBLIC OF CAMEROON,1910,0,1386,347,177,0,0.08,112
2014,REPUBLIC OF KOREA,160119,84161,42616,26942,6399,0,3.2,10570
2014,REPUBLIC OF MOLDOVA,1345,94,595,478,177,0,0.33,21
2014,REPUBLIC OF SOUTH SUDAN,408,0,408,0,0,0,0.03,32
2014,REPUBLIC OF SUDAN,4190,0,3717,0,473,0,0.11,226
2014,REUNION,1138,463,620,0,54,0,1.33,49
2014,ROMANIA,19090,6126,6042,5849,1074,0,0.97,220
2014,RUSSIAN FEDERATION,465052,110403,107368,232204,9322,5755,3.24,17585
2014,RWANDA,229,0,210,0,19,0,0.02,17
2014,SAINT HELENA,3,0,3,0,0,0,0.84,0
2014,SAINT LUCIA,111,0,111,0,0,0,0.61,5
2014,SAINT MARTIN (DUTCH PORTION),200,0,200,0,0,0,5.31,205
2014,SAMOA,54,0,54,0,0,0,0.28,9
2014,SAO TOME & PRINCIPE,31,0,31,0,0,0,0.17,9
2014,SAUDI ARABIA,163907,0,112689,43430,7782,5,5.31,4718
2014,SENEGAL,2415,235,1493,21,666,0,0.16,284
2014,SERBIA,10272,6721,2242,1005,304,0,1.16,70
2014,SEYCHELLES,135,0,135,0,0,0,1.41,155
2014,SIERRA LEONE,357,0,311,0,46,0,0.06,7
2014,SINGAPORE,15373,456,9118,5800,0,0,2.79,42028
2014,SLOVAKIA,8366,3624,1932,2356,451,3,1.54,29
2014,SLOVENIA,3494,1136,1788,391,180,0,1.69,71
2014,SOLOMON ISLANDS,55,0,55,0,0,0,0.1,4
2014,SOMALIA,166,0,166,0,0,0,0.02,57
2014,SOUTH AFRICA,133562,113068,16448,2404,1642,0,2.47,2945
2014,SPAIN,63806,11852,35189,14781,1984,0,1.38,9892
2014,SRI LANKA,5016,1059,3701,0,256,0,0.24,681
2014,ST. KITTS-NEVIS,63,0,63,0,0,0,1.14,4
2014,ST. PIERRE & MIQUELON,21,0,21,0,0,0,3.33,5
2014,ST. VINCENT & THE GRENADINES,57,0,57,0,0,0,0.52,0
2014,SURINAME,543,0,522,2,18,1,1.01,66
2014,SWAZILAND,328,131,197,0,0,0,0.26,1
2014,SWEDEN,11841,2183,8822,496,340,0,1.22,2107
2014,SWITZERLAND,9628,148,7230,1668,583,0,1.17,1312
2014,SYRIAN ARAB REPUBLIC,8373,1,5198,2480,517,178,0.45,219
2014,TAIWAN,72013,42516,18985,8526,1985,0,3.08,3046
2014,TAJIKISTAN,1415,404,689,166,156,0,0.17,52
2014,THAILAND,86232,16612,41230,23633,4757,0,1.27,3980
2014,TIMOR-LESTE (FORMERLY EAST TIMOR),128,0,128,0,0,0,0.11,3
2014,TOGO,715,0,467,20,228,0,0.1,81
2014,TONGA,33,0,33,0,0,0,0.31,3
2014,TRINIDAD AND TOBAGO,12619,0,1243,11262,114,0,9.32,575
2014,TUNISIA,7862,0,3235,3291,1241,96,0.71,239
2014,TURKEY,94350,37875,21662,25111,9701,0,1.22,3054
2014,TURKMENISTAN,18659,0,5453,12812,394,0,3.52,402
2014,TURKS AND CAICOS ISLANDS,56,0,56,0,0,0,1.66,0
2014,TUVALU,3,0,3,0,0,0,0.0,0
2014,UGANDA,1426,125,1011,0,291,0,0.04,98
2014,UKRAINE,61985,31649,8151,20874,1310,0,1.38,109
2014,UNITED ARAB EMIRATES,57641,2157,17922,34852,2176,534,6.34,17317
2014,UNITED KINGDOM,114486,31081,44274,37340,1218,573,1.78,10921
2014,UNITED REPUBLIC OF TANZANIA,3153,178,2117,475,382,1,0.06,170
2014,UNITED STATES OF AMERICA,1432855,450047,576531,390719,11314,4244,4.43,30722
2014,URUGUAY,1840,2,1700,25,112,0,0.54,251
2014,UZBEKISTAN,28692,1677,2086,23929,1000,0,0.97,0
2014,VANUATU,42,0,42,0,0,0,0.16,10
2014,VENEZUELA,50510,204,28445,12731,1088,8042,1.65,1256
2014,VIET NAM,45517,19246,12694,5349,8229,0,0.49,761
2014,WALLIS AND FUTUNA ISLANDS,6,0,6,0,0,0,0.44,1
2014,YEMEN,6190,137,5090,581,381,0,0.24,153
2014,ZAMBIA,1228,132,797,0,299,0,0.08,33
2014,ZIMBABWE,3278,2097,1005,0,177,0,0.22,9
